file,title,h1,description,canonical,words,issue_count
404.html,Page Not Found – Audio Toolkit,404,"This page doesn't exist, but our free audio tools do.",,64,3
aac-to-mp3.html,AAC to MP3 Converter – Free & Online | Audio Toolkit,"Convert AAC to MP3 Online, Free","Convert AAC to MP3 online, free. Turn AAC audio into a universally-playable MP3 — entirely in your browser, no upload.",https://audiotoolkit.github.io/aac-to-mp3.html,512,1
about.html,About Audio Toolkit – Free Browser-Based Audio Tools,Audio tools that respect your files,"Audio Toolkit provides free, private, browser-based audio editing tools. Learn how it works and why file tools process your audio in your browser.",https://audiotoolkit.github.io/about.html,510,0
audio-compressor.html,Audio Compressor – Reduce File Size Free | Audio Toolkit,"Compress Audio Files Online, Free","Shrink any audio file's size online, free. Pick a bitrate or target size, preview the estimate, and download — entirely in your browser.",https://audiotoolkit.github.io/audio-compressor.html,588,1
audio-converter.html,MP3 Converter – Convert Any Audio to MP3 Free | Audio Toolkit,"MP3 Converter Online, Free","Free MP3 converter — convert WAV, M4A, OGG and more to MP3 (or WAV) online. Everything runs in your browser — no upload, no signup, no waiting in a queue.",https://audiotoolkit.github.io/audio-converter.html,657,1
audio-converters.html,"Audio Converters Online – MP3, WAV, M4A & More | Audio Toolkit",Audio Converters Online,"Browse free online audio converters for MP3, WAV, M4A, AAC, OGG, FLAC and more. Convert common audio formats directly in your browser.",https://audiotoolkit.github.io/audio-converters.html,504,0
audio-editing.html,Audio Editing Tools Online | Audio Toolkit,Audio Editing Tools Online,"Edit audio online with free tools for trimming, splitting, merging, fading, reversing, changing speed, removing silence, boosting volume, and compressing files.",https://audiotoolkit.github.io/audio-editing.html,546,0
audio-equalizer.html,"Audio Equalizer – Adjust Bass, Mid, Treble Free | Audio Toolkit","Audio Equalizer Online, Free","Adjust the bass, mid, and treble of any audio file online, free. Preview changes live, then download — entirely in your browser.",https://audiotoolkit.github.io/audio-equalizer.html,511,1
audio-merger.html,Audio Merger – Combine Multiple Audio Files Free | Audio Toolkit,"Merge Audio Files Online, Free","Merge or join multiple audio files into one, free and online. Reorder clips, preview, and download — entirely in your browser, no upload.",https://audiotoolkit.github.io/audio-merger.html,576,1
audio-reverser.html,Audio Reverser – Reverse Any Audio File Free | Audio Toolkit,"Reverse Audio Online, Free","Reverse any audio file online, free. Play it backwards, preview instantly, and download — entirely in your browser, no upload.",https://audiotoolkit.github.io/audio-reverser.html,487,1
audio-splitter.html,Audio Splitter – Split One File Into Many Free | Audio Toolkit,"Split Audio Files Online, Free","Split an audio file into equal parts or at custom points, free and online. Download each piece separately — entirely in your browser.",https://audiotoolkit.github.io/audio-splitter.html,490,1
audio-tools.html,Audio Tools Online – Browse Free Audio Utilities | Audio Toolkit,Audio Tools Online,"Browse free online audio tools by category: converters, audio editing, voice and speech, and music tools. Find the right browser-based tool for your task.",https://audiotoolkit.github.io/audio-tools.html,363,0
audio-trimmer.html,"Trim Audio Online Free – Cut MP3, WAV & More","Trim Audio Online, Free","Trim MP3, WAV, M4A and other audio files online for free. Select the exact start and end, preview the result, and download the trimmed audio.",https://audiotoolkit.github.io/audio-trimmer.html,771,1
blog-audio-too-quiet.html,Why Is My Audio So Quiet? How to Fix Low Volume,Why Does My Audio Sound Quiet? Volume Boosting Explained,"Learn why recordings sound quiet and how normalization, gain, compression, and clipping differ. Use an online volume tool safely.",https://audiotoolkit.github.io/blog-audio-too-quiet.html,436,0
blog-free-ringtone-from-song.html,5 Free Ways to Make a Ringtone from Any Song | Audio Toolkit Blog,5 Free Ways to Make a Ringtone from Any Song,"Five free ways to turn any song into a ringtone, from browser tools to your phone's built-in options, compared honestly on ease and limitations.",https://audiotoolkit.github.io/blog-free-ringtone-from-song.html,460,0
blog-iphone-voice-memos-to-mp3.html,How to Convert iPhone Voice Memos to MP3 | Audio Toolkit Blog,How to Convert iPhone Voice Memos to MP3,"Step-by-step guide to converting an iPhone Voice Memo (M4A) to MP3, free, without installing an app or emailing yourself files.",https://audiotoolkit.github.io/blog-iphone-voice-memos-to-mp3.html,365,0
blog-is-online-audio-conversion-safe.html,Is Online Audio Conversion Safe? Privacy Explained | Audio Toolkit,Is It Safe to Convert Audio Online? A Privacy Explainer,"Learn how browser-based audio conversion handles your files, what privacy risks to consider, and how local processing differs from server uploads.",https://audiotoolkit.github.io/blog-is-online-audio-conversion-safe.html,446,1
blog-lossless-vs-lossy.html,"Lossless vs Lossy Audio – FLAC, WAV & MP3 Explained","Lossless vs Lossy Audio: FLAC, WAV, and MP3 Compared","Understand lossless and lossy audio formats, including FLAC, WAV, and MP3, and choose a format based on quality, compatibility, and file size.",https://audiotoolkit.github.io/blog-lossless-vs-lossy.html,432,0
blog-m4a-vs-mp3.html,M4A vs MP3: Which Should You Use? | Audio Toolkit Blog,M4A vs MP3: Which Should You Use?,"M4A and MP3 compared plainly: sound quality, file size, and device compatibility, so you know which one to pick and when to convert.",https://audiotoolkit.github.io/blog-m4a-vs-mp3.html,438,0
blog-mp3-bitrate-guide.html,"MP3 Bitrate Guide – 128, 192, 256 or 320 kbps?","Best MP3 Bitrate for Music, Podcasts, and Voice Memos","Understand MP3 bitrate and choose a practical setting for music, podcasts, voice recordings, and other audio without wasting file size.",https://audiotoolkit.github.io/blog-mp3-bitrate-guide.html,458,0
blog-remove-silence-podcast.html,How to Remove Silence from a Podcast,How to Remove Silence from a Podcast Automatically,Learn practical ways to remove long pauses and dead air from podcast recordings and when automatic silence removal can help.,https://audiotoolkit.github.io/blog-remove-silence-podcast.html,437,0
blog.html,Blog – Audio Guides & Tips | Audio Toolkit,Audio Guides & Tips,"Guides on audio formats, quality, and editing — MP3 vs M4A, lossless vs lossy, bitrate choices, and more, written to help you actually use our tools well.",https://audiotoolkit.github.io/blog.html,227,1
bpm-detector.html,BPM Detector – Find a Song's Tempo Online Free | Audio Toolkit,"BPM Detector Online, Free","Estimate the BPM (tempo) of any audio file online, free. Upload a track and get an instant estimate — entirely in your browser.",https://audiotoolkit.github.io/bpm-detector.html,588,1
contact.html,"Contact Audio Toolkit – Questions, Feedback & Tool Requests",Contact Audio Toolkit,"Contact Audio Toolkit for questions, feedback, bug reports, or new tool requests. Find the project contact and repository information.",https://audiotoolkit.github.io/contact.html,152,2
fade-in-out.html,Audio Fade In & Fade Out Online – Free Tool | Audio Toolkit,"Add Fade In/Out Online, Free",Add smooth fade-in and fade-out effects to audio online. Adjust your audio in the browser and download the processed file.,https://audiotoolkit.github.io/fade-in-out.html,535,1
flac-to-mp3.html,FLAC to MP3 Converter – Free & Online | Audio Toolkit,"Convert FLAC to MP3 Online, Free","Convert FLAC to MP3 online, free. Shrink large lossless FLAC files into compact, universally-playable MP3s — entirely in your browser.",https://audiotoolkit.github.io/flac-to-mp3.html,520,1
guitar-tuner.html,Online Guitar Tuner – Free Browser-Based Tuner | Audio Toolkit,"Guitar Tuner Online, Free",Tune your guitar with a free browser-based guitar tuner. Use your microphone to detect pitch and tune strings accurately.,https://audiotoolkit.github.io/guitar-tuner.html,491,0
index.html,"Free Online Audio Tools – Convert, Edit & Create",Free OnlineAudio Tools,"Use free online audio tools to convert, trim, edit, record, compress, and create audio. Browser-based tools with no signup and clear privacy information.",https://audiotoolkit.github.io/,707,0
loop-maker.html,Audio Loop Maker – Repeat a Clip Online Free | Audio Toolkit,"Loop Audio Online, Free","Repeat any audio clip to make a loop, free and online. Set the number of repeats or a target length — entirely in your browser.",https://audiotoolkit.github.io/loop-maker.html,518,1
m4a-to-mp3.html,M4A to MP3 Converter – Free & Online | Audio Toolkit,"Convert M4A to MP3 Online, Free","Convert M4A to MP3 online, free. Works entirely in your browser — no upload, no signup, no file size limit imposed by a server queue.",https://audiotoolkit.github.io/m4a-to-mp3.html,628,1
m4a-to-wav.html,M4A to WAV Converter – Free & Online | Audio Toolkit,"Convert M4A to WAV Online, Free","Convert M4A to lossless WAV online, free. Turn iPhone voice memos or AAC audio into WAV for editing software — entirely in your browser, no upload.",https://audiotoolkit.github.io/m4a-to-wav.html,468,1
metronome.html,"Online Metronome – Free, No Download | Audio Toolkit",Online Metronome Free,"A free, precise online metronome. Adjustable BPM and time signature, tap tempo, works right in your browser — no download, no signup.",https://audiotoolkit.github.io/metronome.html,475,0
mp3-tag-editor.html,MP3 Tag Editor Online – Edit ID3 Metadata Free,"Edit MP3 Tags Online, Free","Edit MP3 metadata such as title, artist, album, genre, and track information online. Make your music files easier to organize.",https://audiotoolkit.github.io/mp3-tag-editor.html,507,1
mp3-to-ogg.html,MP3 to OGG Converter – Free & Online | Audio Toolkit,"Convert MP3 to OGG Online, Free","Convert MP3 to OGG online, free. Works entirely in your browser — no upload, no signup. Falls back to WAV if your browser can't encode OGG.",https://audiotoolkit.github.io/mp3-to-ogg.html,574,1
mp3-to-wav.html,MP3 to WAV Converter – Free & Online | Audio Toolkit,"Convert MP3 to WAV Online, Free","Convert MP3 to WAV online, free. Get a lossless WAV file for editing software that needs it — entirely in your browser, no upload.",https://audiotoolkit.github.io/mp3-to-wav.html,501,1
mp4-to-wav.html,MP4 to WAV Converter – Free & Online | Audio Toolkit,"Convert MP4 to WAV Online, Free","Convert MP4 video to lossless WAV audio online, free. Extract the audio track from a video file — entirely in your browser, no upload.",https://audiotoolkit.github.io/mp4-to-wav.html,476,1
music-tools.html,Music Tools Online | Audio Toolkit,Music Tools Online,"Free online music tools for ringtones, BPM detection, guitar tuning, looping, tag editing, vocal reduction, and waveform creation.",https://audiotoolkit.github.io/music-tools.html,537,0
ogg-to-mp3.html,OGG to MP3 Converter – Free & Online | Audio Toolkit,"Convert OGG to MP3 Online, Free","Convert OGG to MP3 online, free. Turn OGG Vorbis audio into universally-compatible MP3 — entirely in your browser, no upload.",https://audiotoolkit.github.io/ogg-to-mp3.html,503,1
privacy-policy.html,Privacy Policy – Audio Toolkit,Privacy Policy,"Audio Toolkit's privacy policy. Learn how your audio files are processed locally in your browser and what, if anything, is collected.",https://audiotoolkit.github.io/privacy-policy.html,441,0
ringtone-maker.html,Ringtone Maker – Create a Ringtone Online Free | Audio Toolkit,"Make a Ringtone Online, Free","Create a ringtone from any song or audio file, free and online. Pick the exact clip, preview it, and download — entirely in your browser.",https://audiotoolkit.github.io/ringtone-maker.html,605,1
sample-rate-converter.html,Sample Rate Converter Online – Convert Audio Free,"Sample Rate Converter Online, Free","Convert audio sample rates online for free, including common rates such as 44.1 kHz and 48 kHz. Learn when changing sample rate is useful.",https://audiotoolkit.github.io/sample-rate-converter.html,574,1
silence-remover.html,Silence Remover Online – Remove Dead Air Free,"Remove Silence Online, Free","Remove leading and trailing silence from audio online for free. Clean recordings, voice notes, and clips without manually trimming every file.",https://audiotoolkit.github.io/silence-remover.html,553,1
speed-changer.html,Change Audio Speed Online – Free Speed Changer | Audio Toolkit,"Change Audio Speed Online, Free",Change audio playback speed online without uploading your file. Adjust speed in your browser and download the processed audio.,https://audiotoolkit.github.io/speed-changer.html,506,1
stereo-to-mono.html,Stereo to Mono Converter – Free Online | Audio Toolkit,"Convert Stereo to Mono Online, Free","Convert stereo audio to mono online, free. Combine left and right channels into one, reduce file size, fix phone compatibility — entirely in your browser.",https://audiotoolkit.github.io/stereo-to-mono.html,532,1
terms-of-service.html,Terms of Service – Audio Toolkit,Terms of Service,Terms of Service for using Audio Toolkit's free online audio tools.,https://audiotoolkit.github.io/terms-of-service.html,271,1
text-to-speech.html,Text to Speech – Free Online Voice Reader | Audio Toolkit,"Text to Speech Online, Free","Convert text to speech online, free, using your browser's built-in voices. Adjust speed and pitch, listen instantly — no signup, no upload.",https://audiotoolkit.github.io/text-to-speech.html,554,0
video-to-mp3.html,Video to MP3 Converter – Extract Audio Free,"Video to MP3 Converter, Free",Extract audio from video files and convert video to MP3 online for free. Process supported files in your browser and download the resulting audio.,https://audiotoolkit.github.io/video-to-mp3.html,664,1
vocal-reducer.html,Redirecting… | Audio Toolkit,,,https://audiotoolkit.github.io/vocal-remover.html,10,7
vocal-remover.html,Vocal Remover – Free Karaoke Track Maker Online | Audio Toolkit,"Vocal Remover Online, Free","Remove or reduce vocals from a song online, free, for a rough karaoke track. Honest about its limits — entirely in your browser, no upload.",https://audiotoolkit.github.io/vocal-remover.html,687,1
voice-audio-tools.html,Voice & Speech Tools Online | Audio Toolkit,Voice & Speech Tools Online,"Record voice, turn speech into text, generate spoken audio, and work with voice recordings using Audio Toolkit.",https://audiotoolkit.github.io/voice-audio-tools.html,396,0
voice-recorder.html,Voice Recorder – Record Audio Online Free | Audio Toolkit,"Record Audio Online, Free","Record audio from your microphone online, free. Play it back, download as WAV, no signup — recording never leaves your device until you save it.",https://audiotoolkit.github.io/voice-recorder.html,491,0
voice-to-text.html,Voice to Text Online Free – Speech to Text,"Voice to Text Free, Live","Convert spoken words to text with free browser speech recognition. Dictate notes and transcripts quickly, with clear information about browser privacy.",https://audiotoolkit.github.io/voice-to-text.html,598,0
volume-booster.html,Volume Booster Online – Increase Audio Volume Free,"Boost Audio Volume Online, Free",Increase or normalize the volume of an audio file online for free. Preview the result and download louder audio while reducing the risk of clipping.,https://audiotoolkit.github.io/volume-booster.html,591,1
wav-to-mp3.html,WAV to MP3 Converter – Free & Online | Audio Toolkit,"Convert WAV to MP3 Online, Free","Convert WAV to MP3 online, free. Shrink large lossless WAV files down to a compact, universally-playable MP3 — entirely in your browser.",https://audiotoolkit.github.io/wav-to-mp3.html,526,1
waveform-image.html,Waveform Image Generator – Audio to PNG Free | Audio Toolkit,"Waveform Image Generator Online, Free","Turn any audio file into a downloadable waveform image, free and online. Customize colors and style — entirely in your browser, no upload.",https://audiotoolkit.github.io/waveform-image.html,476,1
white-noise-generator.html,White Noise Generator – Free Background Sound | Audio Toolkit,White Noise Generator Free,"Generate adjustable white noise in your browser for focus, masking background sound, relaxation, or consistent ambient audio.",https://audiotoolkit.github.io/white-noise-generator.html,494,0
